Country,Year,Status,LifeExpectancy,Diphtheria,TotalExpenditure,BMI,Schooling,pct_doctor,pct_nursing
Afghanistan,2015,Developing,65,65,8.16,19.1,10.1,2.85,1.3
Afghanistan,2014,Developing,59.9,62,8.18,18.6,10,2.98,1.48
Afghanistan,2013,Developing,59.9,64,8.13,18.1,9.9,2.85,2.5
Afghanistan,2009,Developing,58.6,63,9.42,16.2,8.9,2.13,6.08
Afghanistan,2008,Developing,58.1,64,8.33,15.7,8.7,1.74,4.97
Afghanistan,2007,Developing,57.5,63,6.73,15.2,8.4,1.74,4.96
Afghanistan,2006,Developing,57.3,58,7.43,14.7,8.1,1.6,4.4
Albania,2013,Developing,77.2,99,5.66,56.5,14.2,12.77,42.89
Albania,2012,Developing,76.9,99,5.59,55.8,14.2,12.68,44.19
Albania,2011,Developing,76.6,99,5.71,55.1,13.3,12.22,41.76
Albania,2010,Developing,76.2,99,5.34,54.3,12.5,12.35,40.18
Albania,2009,Developing,76.1,98,5.79,53.5,12.2,12.3,41.89
Albania,2007,Developing,75.9,98,6.1,51.7,11.6,11.95,42.01
Albania,2006,Developing,74.2,97,5.86,5.8,11.4,11.84,41.61
Albania,2004,Developing,73,97,6.38,48.9,10.9,11.91,35.87
Algeria,2007,Developing,73.8,95,3.82,5.8,12.3,11.96,19.29
Angola,2009,Developing,49.1,6,4.37,19.8,8.5,1.31,13.14
Angola,2004,Developing,47.1,4,4.71,17.2,6.4,0.62,9.85
Antigua and Barbuda,2007,Developing,75,99,4.27,42.6,14.5,17.14,32.98
Argentina,2013,Developing,76,94,4.99,61.6,17.3,39.39,42.46
Argentina,2004,Developing,74.7,98,6.84,56.3,16.3,31.86,4.85
Armenia,2014,Developing,74.6,93,4.48,54.1,12.7,28.93,51.55
Armenia,2013,Developing,74.4,95,4.55,53.3,12.7,29.03,52.01
Armenia,2012,Developing,74.4,95,4.48,52.6,12.7,28.97,52.89
Armenia,2011,Developing,73.9,95,3.71,51.9,12.7,28.68,52.99
Armenia,2010,Developing,73.5,94,4.56,51.2,12.3,28.42,52.4
Armenia,2009,Developing,73.3,93,4.55,5.7,11.9,27.68,51.8
Armenia,2008,Developing,73.2,89,3.8,5.1,12.3,27.43,51.98
Armenia,2007,Developing,73.5,88,4.31,49.7,11.7,26.72,51.42
Armenia,2006,Developing,72.9,87,4.58,49.2,11.2,25.9,51.12
Armenia,2005,Developing,73,9,5.25,48.8,10.9,25.64,49.88
Armenia,2004,Developing,73,91,5.5,48.4,10.9,24.6,48.61
Australia,2014,Developed,82.7,92,9.42,66.1,20.4,34.31,121.1
Australia,2013,Developed,82.5,91,9.36,65.5,20.3,33.53,119.4
Australia,2012,Developed,82.3,92,9.36,65,20.1,32.86,101.4
Australia,2011,Developed,82,92,9.2,64.4,19.8,32.88,108.1
Australia,2010,Developed,81.9,92,9.2,63.9,19.5,33.43,104
Australia,2009,Developed,81.7,92,9.5,63.4,19.1,31.09,107.5
Australia,2008,Developed,81.3,92,8.78,62.9,19.1,30.06,102.6
Australia,2007,Developed,81.3,92,8.53,62.5,19,29.95,101.6
Australia,2006,Developed,81.2,92,8.49,62,20.3,28.34,5.96
Australia,2005,Developed,81,92,8.45,61.5,20.3,27.79,97.63
Austria,2014,Developed,81.4,98,11.21,57.1,15.9,50.36,69.81
Austria,2013,Developed,81.1,95,11.14,56.6,15.7,49.74,68.74
Austria,2012,Developed,88,92,11.17,56.1,15.7,48.86,68.29
Austria,2011,Developed,88,89,1.94,55.7,15.7,48.4,68.07
Austria,2010,Developed,84,86,11.17,55.2,15.4,48.02,67.21
Austria,2009,Developed,82,83,11.19,54.7,15.3,47.06,66.73
Austria,2008,Developed,84,83,1.6,54.2,15.1,46.17,65.63
Austria,2007,Developed,81,85,1.4,53.7,15.2,45.53,64.12
Austria,2006,Developed,79.8,83,1.35,53.2,15,44.68,63.42
Austria,2005,Developed,79.4,86,1.53,52.7,14.9,43.36,61.79
Austria,2004,Developed,79.3,83,1.56,52.2,14.7,42.1,60.96
Azerbaijan,2014,Developing,72.5,94,6.4,51.5,12.2,34.46,64.34
Azerbaijan,2013,Developing,72.2,93,5.54,5.6,11.9,34.56,72.63
Azerbaijan,2012,Developing,71.9,89,5.37,49.7,11.8,34.9,68
Azerbaijan,2011,Developing,71.6,87,5.1,48.8,11.7,34.38,69.59
Azerbaijan,2010,Developing,71.1,81,5.33,48,11.7,36.63,73.51
Azerbaijan,2009,Developing,78,81,5.85,47.3,11.6,36.75,81.08
Azerbaijan,2008,Developing,73,81,4.37,46.6,11.6,36.84,81.61
Azerbaijan,2007,Developing,73,79,5.1,45.9,11.6,37.12,82.34
Azerbaijan,2006,Developing,69.2,78,6.17,45.3,10.7,35.65,82.58
Azerbaijan,2005,Developing,68.4,75,7.86,44.7,11.2,35.82,82.42
Azerbaijan,2004,Developing,68.4,77,7.92,44.2,11,35.57,81.92
Bahamas,2011,Developing,75,98,7.63,62,12.6,23.08,40.55
Bahamas,2008,Developing,74.5,93,7.3,6.1,12.6,27.55,40.47
Bahrain,2014,Developing,76.8,98,4.98,62.9,14.5,9.57,24.92
Bahrain,2013,Developing,76.7,99,4.69,62.2,14.5,9.54,25.04
Bahrain,2012,Developing,76.5,99,4.37,61.5,14.5,9.57,24.8
Bahrain,2011,Developing,76.1,99,3.4,6.8,14.4,9.45,24.97
Bahrain,2010,Developing,76.1,99,3.64,6.1,14.4,9.49,24.6
Bahrain,2009,Developing,76,98,3.79,59.3,14.4,9.7,25.23
Bahrain,2008,Developing,75.8,97,3.17,58.5,14.4,9.9,25.62
Bahrain,2006,Developing,75.5,98,3.8,56.8,14.2,10.14,27.18
Bahrain,2005,Developing,75.3,98,3.16,56.1,14,10.44,26.87
Bangladesh,2014,Developing,71.4,97,2.82,17.7,10,4.89,2.56
Bangladesh,2013,Developing,71,96,2.88,17,10,4.22,2.1
Bangladesh,2012,Developing,77,94,3.8,16.4,9.9,4,2.07
Bangladesh,2011,Developing,73,96,3.16,15.8,9.4,3.84,1.93
Bangladesh,2010,Developing,69.9,94,3.6,15.2,8.9,3.64,1.83
Bangladesh,2009,Developing,69.5,97,2.91,14.6,8.4,3.54,1.71
Bangladesh,2008,Developing,69.1,96,2.85,14,8.6,3.42,1.62
Bangladesh,2007,Developing,68.6,94,2.8,13.5,8.6,3.29,1.63
Bangladesh,2006,Developing,68.2,94,2.8,13,8.4,3.17,2.84
Bangladesh,2005,Developing,67.8,93,2.68,12.5,8.2,3.08,2.84
Barbados,2005,Developing,73.9,92,5.38,46.9,14.6,17.7,47.45
Belarus,2014,Developing,72,97,5.69,61.7,15.7,50.12,109.8
Belarus,2013,Developing,71.7,98,6.7,61.1,15.7,48.53,108.5
Belarus,2012,Developing,71.9,98,5.1,6.5,15.6,48.35,109.2
Belarus,2011,Developing,72,98,4.92,59.9,15.5,47.61,106
Belarus,2010,Developing,73,98,5.55,59.3,15.5,32.5,106.1
Belarus,2009,Developing,70,96,6.9,58.7,15.4,32.85,105
Belarus,2008,Developing,70,97,5.95,58.2,15.1,31.48,103.7
Belarus,2007,Developing,69.8,95,6.44,57.7,14.9,35.31,101
Belarus,2006,Developing,68.9,99,6.34,57.2,14.6,33.8,100.9
Belarus,2005,Developing,68.1,99,6.89,56.7,14.4,33.15,100.4
Belarus,2004,Developing,68.2,99,6.59,56.2,14.1,33.02,99.29
Belgium,2014,Developed,89,99,1.59,63.4,16.3,29.72,111.9
Belgium,2013,Developed,87,99,1.57,63,16.3,29.59,109.1
Belgium,2012,Developed,83,99,1.54,62.6,16.2,29.39,106.3
Belgium,2011,Developed,83,98,1.42,62.3,16.1,29.22,103.9
Belgium,2010,Developed,80,98,1.17,61.9,15.9,29.09,100.9
Belgium,2009,Developed,79.8,98,1.39,61.6,15.8,29.08,98.82
Belgium,2008,Developed,79.5,99,9.6,61.3,15.8,29.02,97.55
Belgium,2007,Developed,79.5,98,9.25,6.9,15.8,28.86,96.54
Belgium,2006,Developed,79.4,98,9.17,6.6,15.7,28.66,95.32
Belgium,2005,Developed,78.9,97,9.24,6.2,15.7,28.52,94.05
Belgium,2004,Developed,78.8,95,9.32,59.8,18.8,28.52,91.81
Belize,2012,Developing,69.4,98,5.45,48.5,12.5,11.45,11.04
Belize,2009,Developing,69.5,97,5.81,46.3,12.7,7.66,18.11
Benin,2013,Developing,59.5,77,4.59,24.6,10.3,1.85,5.82
Benin,2012,Developing,59.3,8,4.86,24.1,10,1.65,6.8
Benin,2011,Developing,59.1,75,5.37,23.5,9.8,0.58,4.25
Benin,2010,Developing,58.7,76,4.95,23,9.5,0.56,4.52
Benin,2008,Developing,57.6,75,4.2,22,9.1,0.62,8.2
Benin,2004,Developing,56.1,72,4.56,2.1,8.1,0.4,7.47
Bhutan,2014,Developing,69.4,99,3.57,23.6,12.5,3.39,13.31
Bhutan,2013,Developing,69.1,97,3.83,22.7,12.6,2.86,11.25
Bhutan,2012,Developing,68.7,97,3.7,21.9,12.3,2.77,10.49
Bhutan,2008,Developing,67,96,6.58,18.8,10.5,2.55,9.92
Bhutan,2007,Developing,66.5,95,5.88,18,10.1,2.17,8.2
Bhutan,2004,Developing,64.2,89,4.41,16.1,8.8,1.85,8.06
Bolivia (Plurinational State of),2011,Developing,69.3,95,5.49,49.9,13.8,4.67,9.93
Bolivia (Plurinational State of),2010,Developing,68.7,91,5.44,49.3,13.8,4.39,8.33
Bolivia (Plurinational State of),2007,Developing,66.8,84,4.96,47.3,14.1,3.32,6.08
Bosnia and Herzegovina,2014,Developing,77.2,86,9.57,55.3,14.2,21.33,61.32
Bosnia and Herzegovina,2013,Developing,77,89,9.46,54.7,14.2,20.36,59.01
Bosnia and Herzegovina,2012,Developing,76.8,92,9.94,54.2,13.9,19.49,58.92
Bosnia and Herzegovina,2011,Developing,76.9,88,9.71,53.7,13.4,18.79,56.09
Bosnia and Herzegovina,2010,Developing,76.4,89,9.58,53.1,13.3,17.99,54.87
Bosnia and Herzegovina,2009,Developing,76.1,9,9.64,52.6,13.3,17.38,53.1
Bosnia and Herzegovina,2008,Developing,76,91,8.58,52.1,13.1,16.71,51.9
Bosnia and Herzegovina,2007,Developing,75.4,95,8.37,51.5,12.9,16.43,50.22
Bosnia and Herzegovina,2006,Developing,75.7,87,8.28,51,12.7,15.75,49.39
Bosnia and Herzegovina,2005,Developing,75,93,8.5,5.5,12.5,15.33,48.69
Bosnia and Herzegovina,2004,Developing,75.5,84,9.4,49.9,12.3,15.09,48.09
Botswana,2012,Developing,63.4,95,6.27,36.2,12.5,4.02,28.52
Botswana,2011,Developing,62.2,95,5.25,35.7,12.4,4.06,28.86
Botswana,2010,Developing,61.1,95,5.64,35.2,12.3,4.12,29.27
Botswana,2009,Developing,59.2,96,6.39,34.7,12.2,3.55,29.77
Botswana,2008,Developing,57.5,96,5.55,34.2,12.1,3.74,29.32
Botswana,2007,Developing,56.9,96,4.71,33.7,12.1,3.78,30.74
Botswana,2006,Developing,54.8,96,4.93,33.2,11.9,3.22,27.27
Botswana,2005,Developing,51.7,96,5.62,32.7,11.9,2.59,24.84
Botswana,2004,Developing,48.1,96,5.56,32.2,11.8,4.05,26.92
Brazil,2013,Developing,74.7,97,8.48,54.5,14.2,18.82,75.64
Brazil,2010,Developing,73.8,99,8.27,52,13.8,18.14,14.67
Brazil,2008,Developing,73.4,99,8.24,5.3,13.3,17.8,9.3
Brazil,2007,Developing,73.3,99,8.28,49.4,13.5,17.31,9.39
Brazil,2006,Developing,73,99,8.36,48.6,13.8,17.01,5.44
Brazil,2005,Developing,72.7,99,8.27,47.8,13.8,16.66,5.45
Brazil,2004,Developing,72,99,7.7,46.9,14,15.87,37.29
Brunei Darussalam,2014,Developing,77.6,99,2.65,4.2,15,15.11,62.96
Brunei Darussalam,2013,Developing,77.1,99,2.61,39.2,14.9,16.22,75.32
Brunei Darussalam,2012,Developing,78.3,99,2.3,38.2,14.4,14.94,83.03
Brunei Darussalam,2011,Developing,77.4,97,2.25,37.2,14.1,15.44,79.71
Brunei Darussalam,2010,Developing,76.9,95,2.73,36.2,14.2,14.49,74.81
Brunei Darussalam,2009,Developing,76.8,99,2.85,35.2,14.1,11.59,51.21
Brunei Darussalam,2008,Developing,77.2,98,2.23,34.2,14.2,14.87,51.16
Brunei Darussalam,2007,Developing,76,99,2.32,33.2,14.3,10.48,51.07
Brunei Darussalam,2006,Developing,76.3,97,2.24,32.2,14.3,10.78,53.2
Brunei Darussalam,2005,Developing,76.2,94,2.62,31.2,14.1,10.68,54.94
Brunei Darussalam,2004,Developing,76.4,92,3.1,3.1,13.7,12.88,53.56
Bulgaria,2014,Developed,74.3,88,8.44,65.1,14.8,39.75,48.55
Bulgaria,2013,Developed,74.1,95,7.93,64.5,14.4,39.63,49.01
Bulgaria,2012,Developed,73.9,95,7.11,63.9,14.3,39,48.2
Bulgaria,2011,Developed,73.7,95,6.88,63.3,14.2,38.47,47.27
Bulgaria,2010,Developed,73.4,94,7.24,62.7,13.9,37.66,47.18
Bulgaria,2009,Developed,73.2,94,6.78,62.1,13.8,37.4,47.17
Bulgaria,2008,Developed,72.9,95,6.61,61.5,13.8,36.49,47.38
Bulgaria,2007,Developed,72.6,95,6.41,6.9,13.5,36.8,47.05
Bulgaria,2006,Developed,72.2,95,6.67,6.3,13.5,36.81,45.9
Bulgaria,2005,Developed,72.1,96,7.8,59.7,13.5,36.65,45.13
Bulgaria,2004,Developed,72.2,95,7.9,59.1,13.3,35.39,42.85
Burkina Faso,2014,Developing,59.3,91,4.96,18.8,7.7,0.49,4.61
Burkina Faso,2013,Developing,59,88,5.91,18.2,7.5,0.47,4.56
Burkina Faso,2012,Developing,58.6,9,5.33,17.7,7.2,0.48,6.31
Burkina Faso,2011,Developing,58.1,91,5.17,17.1,6.7,0.39,4.56
Burkina Faso,2010,Developing,57.5,91,7.17,16.6,6.3,0.46,5.54
Burkina Faso,2009,Developing,56.9,92,7.41,16.1,5.9,0.45,4.05
Burkina Faso,2008,Developing,56.1,93,6.77,15.6,5.4,0.32,3.71
Burkina Faso,2004,Developing,52.4,79,6.45,13.7,3.9,0.54,5.03
Burundi,2014,Developing,59.1,95,7.54,18.2,10.6,0.62,6.95
Burundi,2013,Developing,58.6,96,8.3,17.6,10.5,0.58,6.93
Burundi,2012,Developing,58,96,8.21,17.1,10.3,0.54,7.03
Burundi,2011,Developing,57.4,96,8.58,16.6,9.9,0.4,6.67
Burundi,2010,Developing,56.8,96,8.82,16.1,9.3,0.48,6.89
Burundi,2004,Developing,52.6,83,7.1,13.8,5.2,0.28,1.89
Cabo Verde,2013,Developing,72.8,93,4.29,29.7,13.6,6.02,7.88
Cabo Verde,2012,Developing,72.7,94,4.61,29,13.2,5.15,10.91
Cabo Verde,2011,Developing,72.6,9,4.6,28.2,13.1,5.85,10.88
Cabo Verde,2010,Developing,72.5,99,4.83,27.5,12.7,5.93,11.02
Cabo Verde,2009,Developing,72.4,99,4.24,26.8,12.4,5.16,10.19
Cambodia,2014,Developing,68.3,88,5.68,18.9,10.9,1.93,9.62
Cambodia,2013,Developing,67.8,83,5.93,18.2,10.8,4.76,12.94
Cambodia,2012,Developing,67.4,86,6.24,17.6,10.7,1.65,9.23
Cambodia,2011,Developing,67,88,5.64,17,10.7,2.26,8.73
Cambodia,2010,Developing,66.6,89,5.95,16.4,10.6,2.3,8.56
Cambodia,2009,Developing,66.1,94,6.36,15.9,10.5,2.38,8.54
Cambodia,2008,Developing,65.6,91,5.55,15.3,10.5,2.44,8.45
Cameroon,2011,Developing,55.6,82,3.96,26.6,10,0.88,9.16
Cameroon,2010,Developing,55.3,84,5.28,26,9.7,0.84,5.27
Cameroon,2009,Developing,54.8,8,5.7,25.4,9.2,0.68,3.85
Cameroon,2007,Developing,53.6,82,4.76,24.4,8,0.7,4.39
Cameroon,2005,Developing,52.8,8,4.75,23.3,8.3,0.59,3.78
Cameroon,2004,Developing,52.1,73,4.73,22.8,8.2,1.81,15.09
Central African Republic,2009,Developing,48.6,42,3.58,19.8,6.4,0.47,2.53
Central African Republic,2008,Developing,47.6,45,4.3,19.4,6.3,0.41,1.95
Central African Republic,2004,Developing,45.7,51,4.1,17.9,5.7,0.84,4.07
Chad,2014,Developing,52.6,37,3.62,18.7,7.3,0.45,2.64
Chad,2013,Developing,52.2,39,3.42,18.2,7.3,0.43,3.38
Chad,2012,Developing,51.8,4,3,17.9,7.3,0.41,2.78
Chad,2006,Developing,48.5,4,3.32,15.7,5.5,0.35,1.81
Chad,2004,Developing,48.5,21,5.72,15.1,5.6,0.35,2.57
Chile,2014,Developing,83,95,7.79,63.1,16.2,20.28,92.31
Chile,2013,Developing,81,91,7.53,62.5,15.6,18.81,5.63
Chile,2012,Developing,79.9,9,7.24,61.8,15.5,17.47,18.49
Chile,2011,Developing,79.8,94,7,61.2,15.4,15.85,15.38
Chile,2010,Developing,79.1,92,6.97,6.6,15.2,14.33,12.67
Chile,2009,Developing,79.3,94,7.39,59.9,15.3,10.29,1
Chile,2008,Developing,79.6,95,6.87,59.3,15.2,10.39,1.01
Chile,2007,Developing,78.9,96,6.35,58.7,14.8,10.37,0.99
Chile,2006,Developing,78.9,94,6.18,58.1,14.9,10.4,1.01
Chile,2005,Developing,78.4,91,6.69,57.4,14.6,9.8,0.94
Chile,2004,Developing,78,93,6.93,56.8,14.3,9.84,0.95
China,2014,Developing,75.8,99,5.55,31.9,13.1,16.88,21.35
China,2013,Developing,75.6,99,5.39,3.9,12.7,16.33,19.89
China,2012,Developing,75.4,99,5.26,3,12.4,15.37,17.94
China,2011,Developing,75.2,99,5.3,29,12.8,14.64,16.21
China,2010,Developing,75,99,4.89,28.1,12.5,14.53,14.88
China,2009,Developing,74.9,99,5.8,27.3,12.2,13.92,13.55
China,2008,Developing,74.5,97,4.59,26.5,11.9,13.17,12.33
China,2007,Developing,74.4,93,4.32,25.7,11.4,12.68,11.52
China,2006,Developing,74.2,93,4.52,24.9,11,12.47,10.6
China,2005,Developing,73.9,87,4.66,24.1,10.6,12.13,10.09
Colombia,2014,Developing,74.6,9,7.2,57.2,13.6,18.53,11.09
Colombia,2013,Developing,74.4,91,6.84,56.4,13.3,18.43,10.47
Colombia,2011,Developing,74.2,85,6.64,55,13,16.97,9.25
Colombia,2010,Developing,73.6,88,6.76,54.2,12.8,15.92,8.67
Colombia,2009,Developing,73.6,92,7.1,53.5,12.4,15.67,8.24
Colombia,2008,Developing,73.5,92,6.62,52.8,12.2,15.43,7.77
Colombia,2007,Developing,73.5,93,6.25,52,11.9,15.19,7.32
Colombia,2006,Developing,73.1,93,6.11,51.3,11.5,14.96,6.98
Colombia,2005,Developing,73.1,93,5.82,5.5,11.1,14.73,6.6
Comoros,2012,Developing,62.5,86,7.11,22.6,10.8,1.7,9.21
Comoros,2009,Developing,61.3,83,3.82,21.1,10.3,1.9,7.03
Comoros,2005,Developing,60,68,4.32,19.2,9.7,1.9,5.63
Comoros,2004,Developing,59.8,76,3.96,18.8,9.5,1.93,9.85
Congo,2011,Developing,62.9,82,2.79,25,10.7,1.65,17.9
Congo,2010,Developing,62,74,2.29,24.5,10.5,1.16,4.37
Congo,2007,Developing,58.2,72,2.54,22.8,9.8,1.04,9.01
Congo,2006,Developing,56.9,73,2.37,22.3,9.6,2.09,14.02
Congo,2004,Developing,54.1,67,2.56,21.2,9.2,2.15,10.46
Costa Rica,2014,Developing,79.5,91,9.31,59.5,13.9,26.43,23.94
Costa Rica,2013,Developing,79.4,95,9.47,58.5,13.7,11.41,21.67
Costa Rica,2012,Developing,79.2,91,9.56,57.5,13.6,24.58,20.32
Costa Rica,2011,Developing,79,85,9.73,56.5,13.4,23.72,19.23
Costa Rica,2010,Developing,78.1,88,9.66,55.5,13.3,23.06,18.63
Costa Rica,2009,Developing,79.2,86,9.69,54.4,13.1,22.18,17.63
Costa Rica,2008,Developing,78.9,9,9.1,53.4,12.9,21.58,16.62
Costa Rica,2007,Developing,78.9,89,8.37,52.4,12.8,20.91,15.79
Costa Rica,2006,Developing,78,89,7.82,51.4,12.6,20.42,15.17
Croatia,2014,Developed,77.8,95,7.8,63.1,15.1,31.26,61.42
Croatia,2013,Developed,77.7,96,7.83,62.5,14.9,30.18,61.76
Croatia,2012,Developed,77.1,96,7.8,61.9,14.6,29.73,60.22
Croatia,2011,Developed,77,96,7.8,61.3,14.5,28.96,59.09
Croatia,2010,Developed,76.6,97,8.25,6.6,14.2,28.43,57.76
Croatia,2009,Developed,76.3,96,8.18,6,14.2,27.21,55.75
Croatia,2008,Developed,76,96,7.7,59.4,14.3,27.11,56.83
Croatia,2007,Developed,75.8,96,7.44,58.7,14.3,27.05,54.68
Croatia,2006,Developed,75.9,96,6.95,58.1,13.9,25.74,53.43
Croatia,2005,Developed,75.2,96,6.89,57.5,13.6,25.35,52.48
Croatia,2004,Developed,75.4,96,6.56,56.9,13.3,25.3,52.01
Cuba,2014,Developing,79,99,11.6,6.7,14,75.67,80.27
Cuba,2013,Developing,78.7,99,9.48,59.9,14.7,74.18,78.32
Cuba,2012,Developing,78.7,99,8.59,59.2,15.7,72.9,81.84
Cuba,2010,Developing,78,96,1.19,57.7,17.6,68.15,91.77
Cuba,2007,Developing,78.1,93,1.42,55.4,16,64.36,86.93
Cyprus,2014,Developed,83,99,7.37,59.8,14,24.99,39.13
Cyprus,2013,Developed,81,99,7.46,59.2,13.8,24.08,38.65
Cyprus,2012,Developed,80,99,7.44,58.7,13.8,22.96,36.18
Cyprus,2011,Developed,79.7,99,7.54,58.3,13.8,22.48,36.88
Cyprus,2010,Developed,79.5,99,7.23,57.8,14.6,21.56,35.47
Cyprus,2009,Developed,79.3,99,7.4,57.3,14.1,21.06,34.65
Cyprus,2008,Developed,79.1,97,6.89,56.8,13.7,20.51,33
Cyprus,2007,Developed,78.9,97,6.5,56.3,13.5,20.15,33.75
Cyprus,2006,Developed,78.8,97,6.28,55.8,13.4,18.37,33.26
Cyprus,2005,Developed,78.7,98,6.37,55.3,13.5,18.97,30.13
Cyprus,2004,Developed,78.6,98,6.42,54.8,13.4,19.12,32.14
Denmark,2014,Developed,84,94,1.8,58.4,19.2,38.63,102.2
Denmark,2013,Developed,81,94,11.25,58.1,18.7,38.34,102.3
Denmark,2012,Developed,80,94,1.98,57.7,18.4,38.24,102.3
Denmark,2011,Developed,79.7,91,1.87,57.4,16.9,37.81,101.4
Denmark,2010,Developed,79.2,9,11.8,57,16.8,37.21,101
Denmark,2009,Developed,78.9,89,11.47,56.6,16.8,36.49,100.7
Denmark,2008,Developed,78.8,88,1.18,56.3,16.8,35.77,98.17
Denmark,2007,Developed,78.4,87,9.99,55.9,16.7,34.53,95.41
Denmark,2006,Developed,78.1,93,9.92,55.4,16.9,34.19,97.9
Denmark,2005,Developed,78.1,93,9.77,55,16.6,33.33,98.28
Denmark,2004,Developed,77.7,95,9.67,54.4,16.5,32.28,96.89
Djibouti,2014,Developing,63,78,1.57,34.4,6.3,2.24,7.29
Djibouti,2005,Developing,58.6,71,7.21,3.2,4,1.79,5.75
Djibouti,2004,Developing,58.1,64,6.76,29.8,3.7,1.67,3.84
Dominican Republic,2011,Developing,73.1,84,4.22,54.7,13,15.27,13.63
Ecuador,2011,Developing,75.3,88,5.92,51.4,13.2,16.58,20.75
Ecuador,2010,Developing,75,91,5.9,5.7,13.1,21.11,16.59
Ecuador,2009,Developing,75.1,94,5.58,5,13.1,15.98,18.79
Egypt,2014,Developing,78,94,5.64,6.2,13.1,11.38,19.55
Equatorial Guinea,2004,Developing,54.1,38,2.4,19.8,8.5,2.13,3.78
Eritrea,2004,Developing,59.1,98,3.14,13.6,5,0.79,9.21
Estonia,2014,Developing,77.3,93,6.38,59.4,16.5,33.56,60.72
Estonia,2013,Developing,76.9,94,6.48,59,16.5,33.32,59.58
Estonia,2012,Developing,76.3,94,6.36,58.5,16.5,32.82,64.58
Estonia,2011,Developing,76.1,93,5.83,58,16.4,32.93,65.26
Estonia,2010,Developing,75.6,94,6.25,57.6,16.2,32.42,63.99
Estonia,2009,Developing,74.9,95,6.93,57.1,16.1,32.77,64.4
Estonia,2008,Developing,74.2,95,6.6,56.7,16.1,33.35,67
Estonia,2007,Developing,73,95,5.16,56.3,16.1,32.51,66.84
Estonia,2006,Developing,73,95,5.1,55.9,16.1,31.76,65.99
Estonia,2005,Developing,72.8,96,5.2,55.5,15.9,31.43,65.76
Estonia,2004,Developing,72.3,94,5.13,55.2,15.7,31.79,65.38
Ethiopia,2009,Developing,68,58,4.41,15.3,8.1,0.25,2.52
Ethiopia,2008,Developing,59.8,54,4.28,14.9,7.6,0.25,2.02
Ethiopia,2007,Developing,58.5,5,4.69,14.5,7.1,0.22,2.25
Ethiopia,2006,Developing,57.2,46,4.47,14.2,6.6,0.27,2.27
Ethiopia,2005,Developing,56,44,4.2,13.8,5.8,0.32,2.46
Ethiopia,2004,Developing,55,4,4.23,13.5,5.4,0.27,2.09
Fiji,2013,Developing,69.6,99,4.26,61.1,15,8.16,29.03
Fiji,2009,Developing,68.9,99,4.26,58,14.5,4.36,22.93
Fiji,2008,Developing,68.7,99,3.68,57.3,14.3,3.99,21.1
Finland,2014,Developing,89,98,9.68,61.7,17,33.92,146.8
Finland,2013,Developing,87,98,9.55,61.4,17,32.97,146
Finland,2012,Developing,84,99,9.3,61,17,32.85,146.2
Finland,2011,Developing,83,99,9.1,6.6,16.9,31.22,144.9
Finland,2010,Developing,79.9,99,9.5,6.2,16.8,32.65,142.6
Finland,2009,Developing,79.7,99,9.2,59.8,17,30.86,139.3
Finland,2008,Developing,79.6,99,8.35,59.4,17.1,30.62,135.1
Finland,2007,Developing,79.3,99,8.9,59,17.2,30.35,137.5
Finland,2006,Developing,79.2,97,8.38,58.6,17.2,30.26,135.2
Finland,2005,Developing,78.9,97,8.43,58.1,17.1,29.91,129
Finland,2004,Developing,78.7,98,8.21,57.6,18.3,29.51,124.5
France,2014,Developing,82.2,98,11.54,62,16.2,32.12,102.8
France,2013,Developing,82,99,11.56,61.6,16.2,31.95,99.82
France,2012,Developing,81.5,99,11.44,61.1,16.1,31.75,96.88
France,2011,Developing,81.7,99,11.33,6.6,16.1,31.62,92.86
France,2010,Developing,81.3,99,11.2,6.1,16,33.74,90.12
France,2009,Developing,81.1,98,11.28,59.6,16,33.69,87.69
France,2008,Developing,89,98,1.57,59.1,16.1,34.16,84.74
France,2007,Developing,89,98,1.45,58.6,16.1,34.19,81.85
France,2006,Developing,86,99,1.53,58,16.1,34.36,83.2
France,2005,Developing,81,98,1.6,57.5,15.5,34.41,81.18
France,2004,Developing,82,98,1.53,57,15.5,34.4,78.87
Gabon,2004,Developing,59.7,45,3.26,3.3,12.3,2.92,50.07
Gambia,2008,Developing,58.7,96,5.95,22.8,8.6,1.04,8.35
Gambia,2007,Developing,58.5,95,5.76,22.2,8.4,0.97,7.7
Gambia,2006,Developing,58.2,95,5.52,21.5,8.1,1.1,4.73
Gambia,2005,Developing,57.7,95,4.97,2.9,7.8,1.08,4.74
Gambia,2004,Developing,57.3,87,4.35,2.3,7.6,1.11,4.64
Georgia,2014,Developing,74.5,91,7.42,55.3,13.5,47.75,38.2
Georgia,2013,Developing,74.5,93,7.25,54.4,13.5,45.15,37.84
Georgia,2012,Developing,74.2,92,8.57,53.6,13.4,44.87,37.22
Georgia,2011,Developing,73.9,94,9.38,52.8,13.3,45,39.36
Georgia,2010,Developing,73.8,92,1.5,52,13.3,44.47,39.5
Georgia,2009,Developing,73.2,88,1.19,51.3,12.8,42.22,38.96
Georgia,2008,Developing,73.9,92,8.99,5.5,13.1,40,39.37
Georgia,2007,Developing,74.4,98,8.17,49.9,12.5,39.03,39.07
Georgia,2006,Developing,73.9,88,8.39,49.2,12.6,38.68,39.94
Georgia,2005,Developing,73.9,82,8.6,48.6,12.2,38.16,41.41
Georgia,2004,Developing,72.3,78,8.53,48.1,12,38.01,41.65
Germany,2014,Developed,89,95,11.3,61.9,17,40.85,127.6
Germany,2013,Developed,86,95,11.16,61.4,16.9,40.09,125.3
Germany,2012,Developed,86,95,1.99,6.9,16.9,39.2,121.5
Germany,2011,Developed,85,95,1.93,6.4,16.8,38.49,120.6
Germany,2010,Developed,81,95,11.25,59.9,16.7,37.57,119.1
Germany,2009,Developed,80,96,11.4,59.5,16.7,36.64,118.2
Germany,2008,Developed,79.9,96,1.39,59,16.6,35.86,115.2
Germany,2007,Developed,79.8,96,1.18,58.5,16.6,35.29,112.9
Germany,2006,Developed,79.6,96,1.34,58,16.5,34.75,111.2
Germany,2005,Developed,79.2,96,1.52,57.6,16.4,34.31,109.9
Germany,2004,Developed,79.1,96,1.37,57.1,16.4,34.1,108.3
Ghana,2011,Developing,61.2,91,4.81,26.1,10.9,0.98,1.52
Ghana,2010,Developing,69,94,5.33,25.5,10.5,0.94,10.61
Ghana,2009,Developing,66,94,5.17,24.9,10.4,0.84,11.92
Ghana,2008,Developing,63,93,4.85,24.2,9.8,0.79,9.69
Ghana,2004,Developing,58.3,8,3.96,21.8,7.7,1.52,9.26
Greece,2014,Developing,88,99,8.8,66,17.2,52.17,35.36
Greece,2013,Developing,86,99,9.26,65.4,17.1,42.16,36.11
Greece,2012,Developing,84,99,9.24,64.9,16.8,41.34,36.69
Greece,2011,Developing,85,99,9.77,64.3,16.7,40.41,38.02
Greece,2010,Developing,83,99,9.18,63.7,16.4,39.44,37.64
Greece,2009,Developing,80,99,9.76,63.1,16.2,38.71,36.44
Greece,2008,Developing,79.9,99,9.76,62.4,15.9,37.58,35.13
Greece,2007,Developing,79.4,99,9.41,61.8,16.4,36.71,34.38
Greece,2006,Developing,79.7,98,9.34,61.2,16.3,34.83,34.24
Greece,2005,Developing,79.3,96,9.36,6.5,15.6,33.84,34.9
Greece,2004,Developing,79.2,95,8.3,59.9,15.3,48.01,34.41
Grenada,2006,Developing,71.7,91,5.99,41.1,15.1,6.58,37.94
Guatemala,2009,Developing,76,92,6.79,46.5,10.4,9.04,8.7
Guinea,2004,Developing,54,6,3.14,18.1,5.1,1.11,4.94
Guinea-Bissau,2011,Developing,57.1,86,5.46,23.7,9,0.64,5.62
Guinea-Bissau,2009,Developing,56.3,8,6.81,22.5,8.9,0.84,7.02
Guinea-Bissau,2008,Developing,55.6,77,6.5,21.9,8.8,0.54,6.59
Guinea-Bissau,2004,Developing,53.5,64,5.41,19.6,7.7,1.43,8.16
Guyana,2010,Developing,65.9,95,6.6,42.4,10.2,6.87,10.06
Guyana,2009,Developing,66.1,98,7.32,41.6,10.5,2.15,13.23
Haiti,2011,Developing,62.3,68,1.41,45.3,8.7,1.38,11.86
Honduras,2013,Developing,74.3,97,9.15,49.3,11.6,9.84,7.07
Honduras,2010,Developing,73.6,97,8.45,46.8,11.5,2.95,8.6
Honduras,2005,Developing,72.5,98,7.81,42.8,10.6,3.59,10.45
Hungary,2014,Developed,75.6,99,7.4,64.2,15.8,33.44,66.25
Hungary,2013,Developed,75.5,99,7.53,63.6,15.4,32.28,66.36
Hungary,2012,Developed,75,99,7.74,63,15.4,31.06,65.34
Hungary,2011,Developed,74.8,99,7.84,62.4,15.4,29.81,64.33
Hungary,2010,Developed,74.5,99,7.85,61.7,15.3,28.9,64.31
Hungary,2009,Developed,74.2,99,7.55,61.1,15.3,30.4,64.24
Hungary,2008,Developed,74.1,99,7.33,6.5,15.3,31.05,63.49
Hungary,2007,Developed,73.5,99,7.51,59.9,15.3,28.12,61.28
Hungary,2006,Developed,73.4,99,8.1,59.3,15.2,30.41,64.03
Hungary,2005,Developed,72.9,99,8.28,58.8,15,27.82,61.47
Hungary,2004,Developed,72.9,99,8.8,58.2,15.3,33.35,59.68
Iceland,2014,Developed,82.5,9,8.86,6.6,19,36.31,161
Iceland,2013,Developed,82.4,91,8.75,6.2,19,35.7,161
Iceland,2012,Developed,82.5,89,8.68,59.7,18.7,35.07,157.2
Iceland,2011,Developed,82.1,95,8.65,59.3,18.6,34.56,154.7
Iceland,2010,Developed,81.8,96,8.86,58.9,18.4,35.65,152.2
Iceland,2009,Developed,81.6,96,9.12,58.5,18.4,36.76,162
Iceland,2008,Developed,81.4,98,8.8,58.1,18.2,37.18,160.1
Iceland,2007,Developed,81.3,97,8.75,57.8,18.2,36.89,150.9
Iceland,2006,Developed,81.1,97,8.96,57.4,18.1,36.54,147
Iceland,2005,Developed,81,95,9.21,56.9,17.9,36.34,148.4
Iceland,2004,Developed,88,99,9.59,56.5,18.3,36.28,145.1
India,2014,Developing,68,85,4.69,18.1,11.6,7.25,13.74
India,2012,Developing,67.3,82,4.39,17,11.3,6.98,11.11
India,2011,Developing,66.8,82,4.33,16.4,10.8,7.38,9.91
India,2010,Developing,66.4,79,4.28,15.9,10.4,6.62,8.7
India,2009,Developing,66,74,4.38,15.4,10.5,6.22,8.57
India,2008,Developing,65.5,7,4.34,14.9,10.2,6.14,8.09
India,2007,Developing,65.2,64,4.23,14.4,9.9,5.98,7.86
India,2006,Developing,64.8,65,4.25,13.9,9.7,5.85,7.8
India,2005,Developing,64.4,65,4.28,13.5,9.4,5.76,12.91
India,2004,Developing,64,63,4.22,13,9.2,5.72,12.59
Indonesia,2010,Developing,68.1,81,2.74,22.9,12.1,1.4,11.01
Indonesia,2009,Developing,67.9,78,2.83,22.1,11.7,1.45,9.99
Iran (Islamic Republic of),2014,Developing,75.4,99,6.89,58.5,14.9,15.04,15.64
Iran (Islamic Republic of),2006,Developing,72.2,98,5.95,49.4,11.4,5.36,16.89
Iran (Islamic Republic of),2005,Developing,72,95,6.6,48.5,11.4,8.87,14.05
Iran (Islamic Republic of),2004,Developing,71.8,99,5.89,47.6,11.8,8.82,13.96
Iraq,2014,Developing,67.9,64,5.54,58.5,10.1,10.36,18.78
Ireland,2014,Developed,81.2,96,7.78,62.1,18.6,30.29,158.5
Ireland,2013,Developed,81,96,8.1,61.3,18.6,39.31,123.1
Ireland,2012,Developed,85,95,8.32,6.5,18.5,39.42,125.9
Ireland,2011,Developed,84,95,8.15,59.7,18.5,40.94,125.6
Ireland,2010,Developed,86,94,8.76,58.9,18.2,41.33,128.5
Ireland,2009,Developed,79.7,94,9.53,58.2,17.9,40.39,126.2
Ireland,2008,Developed,79.8,93,8.64,57.4,17.9,40.14,128.4
Ireland,2007,Developed,79.5,92,7.57,56.6,17.6,38.99,129.3
Ireland,2006,Developed,79,91,7.22,55.8,17.6,36.64,126.7
Ireland,2005,Developed,78.7,9,7.27,55.1,17.5,35.43,122.7
Ireland,2004,Developed,78.3,89,7.34,54.4,17.1,27.45,123.7
Israel,2014,Developing,82.2,95,7.81,64.6,16,34.67,54.03
Israel,2013,Developing,82.1,96,7.89,64.2,15.9,34.87,53.79
Israel,2012,Developing,81.8,94,7.73,63.8,15.9,35.08,53.13
Israel,2011,Developing,81.8,94,7.39,63.4,15.8,35.18,52.83
Israel,2010,Developing,81.7,95,7.36,63,15.7,35.19,51.76
Israel,2009,Developing,81.5,96,7.46,62.6,15.6,35.43,52.14
Israel,2008,Developing,81,94,7.33,62.1,15.8,35.64,53.71
Israel,2007,Developing,84,95,7.37,61.6,15.7,36.29,56.4
Israel,2006,Developing,84,95,7.38,61.1,15.7,36.94,57.96
Israel,2005,Developing,80,93,7.44,6.6,15.8,37.54,58.37
Israel,2004,Developing,81,95,7.35,6.1,15.9,38.13,57.78
Italy,2014,Developed,82.5,95,9.25,63.1,16.3,39.05,55.68
Italy,2013,Developed,82.3,96,9.22,62.6,16.5,39.04,53.36
Italy,2012,Developed,82,97,9.28,62.1,16.6,38.51,53.83
Italy,2011,Developed,82,96,9.27,61.5,16.4,38.85,54.83
Italy,2010,Developed,81.8,96,9.42,61,16.4,38.16,55.16
Italy,2009,Developed,81.6,96,9.41,6.5,16.3,37.9,52.54
Italy,2008,Developed,81.5,96,8.89,59.9,16.3,37.81,52.5
Italy,2007,Developed,81.3,97,8.48,59.4,16.1,37.75,52.38
Italy,2006,Developed,81.2,96,8.82,58.8,16,36.99,51.05
Italy,2005,Developed,88,95,8.71,58.2,15.8,37.02,49.49
Italy,2004,Developed,89,94,8.49,57.6,15.6,36.81,50.95
Jamaica,2014,Developing,75.8,92,5.36,53.5,12.8,3.8,14.27
Jamaica,2013,Developing,75.6,93,5.91,52.7,12.8,4.68,14.35
Jamaica,2012,Developing,75.3,96,5.66,52,12.8,3.54,15.12
Jamaica,2008,Developing,74.5,91,5.4,48.9,12.6,3.97,10.53
Japan,2014,Developed,83.5,96,1.23,28.6,15.3,23.41,115.1
Japan,2012,Developed,83.3,97,1.17,27.8,15.3,22.74,106.9
Japan,2010,Developed,83,97,9.58,26.9,15.1,22.06,102.7
Japan,2008,Developed,82.7,98,8.6,25.9,15,21.39,97.39
Japan,2006,Developed,82.4,98,8.19,24.9,14.9,20.75,92.82
Japan,2004,Developed,82.1,99,8.3,23.8,14.8,21.09,1.97
Jordan,2014,Developing,74,98,7.45,64.8,13.1,22.04,37.45
Jordan,2013,Developing,73.9,98,7.23,64,13.1,21.95,34.35
Jordan,2010,Developing,73.4,98,8.42,61.7,13.2,22.33,35.34
Jordan,2009,Developing,73.3,98,9.54,6.9,13.6,21.29,34.99
Jordan,2008,Developing,73.1,97,8.78,6.1,13.6,22.23,29.57
Jordan,2007,Developing,73,98,8.35,59.3,13.6,24.43,30.18
Jordan,2006,Developing,72.8,98,8.8,58.6,13.7,22.91,33.07
Jordan,2005,Developing,72.4,95,8.88,57.8,13.8,22.39,30.23
Jordan,2004,Developing,72.5,95,9.5,57,13.5,20.43,32.61
Kazakhstan,2014,Developing,69.9,95,4.36,52.3,15,39.8,72
Kazakhstan,2013,Developing,69.5,98,4.3,51.4,15,39.51,80.25
Kazakhstan,2012,Developing,69.1,99,4.32,5.6,14.7,39.11,80.64
Kazakhstan,2011,Developing,68.5,99,4.6,49.9,14.4,39.48,79.2
Kazakhstan,2010,Developing,67.8,99,4.42,49.2,14.5,39.28,77.22
Kazakhstan,2009,Developing,67.8,98,4.13,48.5,14.6,37.81,76.33
Kazakhstan,2008,Developing,66.6,99,3.65,47.9,14.6,37.16,71.01
Kazakhstan,2007,Developing,65.3,93,3.19,47.3,14.7,36.55,73.84
Kazakhstan,2006,Developing,65,99,3.73,46.8,14.3,36.98,72.73
Kazakhstan,2005,Developing,64.6,98,4.7,46.3,13.9,36.04,68.81
Kazakhstan,2004,Developing,64.7,82,3.95,45.8,13.5,35.91,67.8
Kenya,2014,Developing,62.9,92,5.72,21.3,11.1,1.96,9.27
Kenya,2013,Developing,62.6,87,5.57,2.7,11.1,1.91,8.87
Kenya,2012,Developing,62.1,94,5.49,2.1,11.1,1.83,13.93
Kenya,2011,Developing,61.2,96,5.23,19.5,11.1,1.75,13.93
Kenya,2010,Developing,63,9,3.97,18.9,11.1,1.7,7.06
Kenya,2009,Developing,59.1,88,4.17,18.4,10.7,1.69,3.9
Kenya,2008,Developing,57.9,88,3.9,17.9,10.4,1.66,3.54
Kiribati,2013,Developing,65.8,95,1.15,76.7,11.9,2.04,46.43
Kiribati,2011,Developing,65.5,99,1.42,75.7,11.9,1.43,39.35
Kiribati,2010,Developing,65.3,91,1.52,75.2,11.9,3.98,39.26
Kiribati,2008,Developing,65.1,82,12.23,74.1,11.6,2.53,36.54
Kuwait,2014,Developing,74.6,95,3.4,7.8,13,26.52,66.61
Kuwait,2013,Developing,74.5,99,2.56,7.2,13.1,25.33,62.06
Kuwait,2012,Developing,74.3,98,2.57,69.5,13.2,24.66,64.21
Kuwait,2011,Developing,74.2,99,2.62,69,13.4,24.56,65.01
Kuwait,2010,Developing,74,98,2.76,68.4,13.5,24.3,65.29
Kuwait,2009,Developing,73.9,99,3.87,67.9,13.6,18.93,48.05
Kuwait,2008,Developing,73.8,99,1.93,67.5,13.8,18.81,46.76
Kuwait,2007,Developing,73.7,99,2.13,67.1,13.9,18.81,43.26
Kuwait,2006,Developing,73.6,99,2.25,66.7,14.1,14.54,41.53
Kyrgyzstan,2014,Developing,78,96,6.48,43.9,12.8,22.13,59.45
Kyrgyzstan,2013,Developing,77,97,6.68,43,12.5,22.61,63.71
Kyrgyzstan,2012,Developing,69.9,96,6.97,42.2,12.3,22.62,59.34
Kyrgyzstan,2011,Developing,69.4,96,6.18,41.4,12.1,22.86,58.39
Kyrgyzstan,2010,Developing,68.8,96,6.66,4.7,12.2,23.39,56.46
Kyrgyzstan,2009,Developing,68.5,95,6.79,4.1,12.4,23.41,56.8
Kyrgyzstan,2008,Developing,67.6,95,6.7,39.5,12.6,23.53,57.05
Kyrgyzstan,2007,Developing,67.2,94,6.87,39,12.6,23.58,58.82
Kyrgyzstan,2006,Developing,66.7,92,6.73,38.5,12.5,24.49,60.15
Kyrgyzstan,2005,Developing,66.9,98,5.82,38,12.4,25.17,63.38
Kyrgyzstan,2004,Developing,67.1,99,5.57,37.5,12.5,25.61,65.98
Lao People's Democratic Republic,2014,Developing,65.3,88,1.87,2.9,10.6,4.95,12.39
Lao People's Democratic Republic,2013,Developing,64.9,87,2,2.1,10.4,4.49,10.18
Lao People's Democratic Republic,2012,Developing,64.4,79,2.12,19.4,10.2,1.8,8.66
Lao People's Democratic Republic,2010,Developing,63.6,74,2.75,18,9.6,7.81,8.57
Lao People's Democratic Republic,2009,Developing,63.1,67,3.77,17.3,9.4,1.97,8.66
Lao People's Democratic Republic,2005,Developing,61,49,4.32,14.9,8.7,2.81,9.95
Lao People's Democratic Republic,2004,Developing,64,45,4.54,14.4,8.6,3.53,9.89
Latvia,2014,Developed,74.4,92,5.88,6.7,16,31.72,49.53
Latvia,2013,Developed,74.1,94,5.67,6.2,15.4,31.41,50.01
Latvia,2012,Developed,73.8,91,5.91,59.8,15.5,30.91,49.7
Latvia,2011,Developed,73.6,92,6.1,59.4,15.8,30.84,50.68
Latvia,2010,Developed,72.8,92,6.55,58.9,16,30.76,51.55
Latvia,2009,Developed,72.6,94,6.84,58.5,16.4,31.49,50.96
Latvia,2008,Developed,71.9,94,6.63,58.1,16.3,32.42,57.86
Latvia,2007,Developed,78,94,7.1,57.7,16.2,31.46,57.56
Latvia,2006,Developed,75,96,6.8,57.4,16.2,30.2,58.16
Latvia,2005,Developed,76,99,6.37,57,15.9,29.43,51.76
Latvia,2004,Developed,71,99,6.51,56.6,15.5,35.49,50.49
Lebanon,2014,Developing,74.8,81,6.39,65.4,13.3,20.74,16.69
Lebanon,2013,Developing,74.9,81,6.63,64.9,13.3,22.49,15.31
Lebanon,2010,Developing,74.9,81,7.19,63.5,13.3,23.39,17.75
Lebanon,2007,Developing,74.4,8,8.9,61.9,12.9,23.46,14.54
Lesotho,2010,Developing,51.1,93,1.87,29.7,10.9,0.69,6.66
Liberia,2010,Developing,59.7,7,11.87,24.5,9.6,0.23,4.64
Liberia,2009,Developing,59.2,81,14.39,24,9.7,0.24,9.04
Liberia,2008,Developing,58.6,75,11.83,23.4,9.8,0.14,2.71
Liberia,2004,Developing,54,31,8.77,21.5,10.2,0.33,3.3
Libya,2014,Developing,72.4,94,4.97,63.8,13.4,20.58,67.93
Libya,2009,Developing,72.7,98,3.16,59,14.6,19.58,70.07
Libya,2008,Developing,72.6,98,2.4,58.2,14.8,18.43,55.28
Libya,2004,Developing,71.5,97,3.46,55.3,15.9,12.38,47.56
Lithuania,2014,Developed,73.4,93,6.55,61.9,16.5,42.51,78.05
Lithuania,2013,Developed,73,93,6.59,61.4,16.4,42.04,77.19
Lithuania,2012,Developed,73,93,6.67,6.9,16.5,41.38,77.44
Lithuania,2011,Developed,72.8,92,6.86,6.5,16.7,40.24,76.91
Lithuania,2010,Developed,72.4,95,7.9,6,16.8,34.14,75.94
Lithuania,2009,Developed,72.2,98,7.53,59.7,16.6,34.32,76.32
Lithuania,2008,Developed,71.1,96,6.61,59.3,16.5,34.53,77.23
Lithuania,2007,Developed,72,95,6.22,59,16.4,34.54,75.94
Lithuania,2006,Developed,76,94,6.2,58.7,16.4,34.22,76
Lithuania,2005,Developed,78,94,5.83,58.4,16.2,32.99,75.55
Lithuania,2004,Developed,71.6,94,5.67,58.1,16.3,32.93,75.61
Luxembourg,2014,Developed,81.7,99,6.94,6.9,13.9,28.89,123.6
Luxembourg,2013,Developed,81.4,99,7.1,6.5,13.9,28.33,123.2
Luxembourg,2012,Developed,81.1,99,7.18,6.1,13.9,28.05,122.9
Luxembourg,2011,Developed,88,99,7.34,59.6,13.9,27.61,116.1
Luxembourg,2010,Developed,86,99,7.68,59.2,13.7,27.68,113.9
Luxembourg,2009,Developed,83,99,8.11,58.8,13.5,27.17,115
Luxembourg,2008,Developed,80,99,7.34,58.4,13.5,27.36,3.46
Luxembourg,2007,Developed,79.7,99,6.8,57.9,13.5,27.23,3.45
Luxembourg,2006,Developed,79.4,99,7.75,57.5,13.5,26.16,114.4
Luxembourg,2005,Developed,78.8,99,7.95,57,13.5,25.99,114.8
Madagascar,2013,Developing,64.7,74,4.15,19.5,10.3,1.53,2.98
Madagascar,2012,Developing,64.3,7,3.46,19,10.2,1.43,2.17
Madagascar,2011,Developing,63.8,73,4.24,18.5,10.2,1.44,2.18
Madagascar,2010,Developing,63.3,7,4.86,18,10.2,1.95,2.23
Madagascar,2009,Developing,62.8,77,4.7,17.6,9.7,1.81,2.43
Madagascar,2008,Developing,62.3,77,4.5,17.1,9.4,1.86,2.81
Madagascar,2007,Developing,61.9,84,4.98,16.7,9.1,1.81,2.94
Madagascar,2006,Developing,61.4,85,5.11,16.3,9,1.71,3.02
Madagascar,2005,Developing,69,85,5.3,15.8,8.9,1.8,3.5
Madagascar,2004,Developing,64,78,4.89,15.4,8.7,1.56,2.85
Malawi,2009,Developing,51.5,93,1.18,17.3,9.9,0.19,3.41
Malawi,2008,Developing,50,91,1.7,16.9,9.6,0.19,2.84
Malawi,2004,Developing,45.1,89,7.82,15.5,10,0.22,5.91
Malaysia,2012,Developing,74.5,97,4.1,37.4,12.9,13.32,38.14
Malaysia,2011,Developing,74.3,96,3.89,36.3,13,12.78,33.88
Malaysia,2010,Developing,74.1,96,3.99,35.3,12.8,11.69,31.98
Malaysia,2008,Developing,73.8,97,3.47,33.4,12.5,9.22,26.75
Maldives,2014,Developing,78.2,99,13.73,26.2,12.7,17.7,53.7
Maldives,2010,Developing,76.7,96,7.93,22.1,11.6,14.36,51.08
Maldives,2009,Developing,76.3,98,9.22,21.2,11.8,14.88,52.24
Maldives,2007,Developing,75.4,98,6.64,19.5,11.9,16.47,45.91
Maldives,2004,Developing,73.4,96,5.89,17.3,12.2,9.7,28.46
Mali,2012,Developing,57.2,66,6.47,21.9,7.7,1.07,3.77
Mali,2011,Developing,56.8,66,6.59,21.3,7.5,1.04,3.68
Mali,2010,Developing,56.5,73,6.35,2.7,7.3,1.02,4.46
Mali,2009,Developing,56,73,6.85,2.2,7.1,0.92,4.44
Mali,2007,Developing,55,74,6.97,19,6.4,0.78,2.11
Mali,2004,Developing,52.8,69,6.28,17.5,5.5,0.85,6.74
Malta,2014,Developed,81.4,99,9.75,69.2,14.3,26.59,83.75
Malta,2013,Developed,81.1,99,9.89,68.8,14.2,24.6,73.95
Malta,2012,Developed,81,99,9.95,68.4,14.1,23.57,70.46
Malta,2011,Developed,87,96,9.6,68,14.8,22.38,70.65
Malta,2010,Developed,83,76,8.3,67.6,14.6,21.53,68.5
Malta,2009,Developed,82,73,8.33,67.1,14.4,19.17,65.89
Malta,2008,Developed,80,72,8.15,66.6,14.6,33.55,67.96
Mauritania,2014,Developing,63,84,3.77,3.1,8.5,1.58,9.78
Mauritania,2010,Developing,62,64,3.28,27.4,7.6,1.57,8.02
Mauritania,2009,Developing,61.7,64,3.79,26.8,7.1,1.31,6.79
Mauritania,2004,Developing,64,7,4.7,23.6,6.7,1.07,6.44
Mauritius,2014,Developing,74.2,97,4.81,32.8,14.7,19.32,32.81
Mauritius,2013,Developing,74.1,98,4.82,32.3,14.7,16.3,31.57
Mauritius,2012,Developing,73.9,98,4.76,31.8,14.3,13.74,29.81
Mauritius,2011,Developing,73.6,98,5.2,31.3,14.1,14.47,29.33
Mauritius,2010,Developing,73.3,99,5.29,3.7,14,12.02,28.85
Mauritius,2009,Developing,72.8,99,4.97,3.2,13.8,11.86,28.14
Mauritius,2008,Developing,72.7,99,4.6,29.7,13.6,11.7,27.44
Mauritius,2007,Developing,72.9,97,4.24,29.1,13.5,11.55,26.74
Mauritius,2004,Developing,71.9,98,4.29,27.5,12.8,10.72,37.87
Mexico,2014,Developing,76.6,87,6.3,62.8,13.1,22.07,22.24
Mexico,2013,Developing,76.6,83,6.3,62.1,12.9,21.57,28.04
Mexico,2012,Developing,76.3,99,6.21,61.5,12.7,21.12,25.49
Mexico,2011,Developing,76.1,97,6.4,6.8,12.6,21,25.09
Mexico,2010,Developing,75.6,95,6.39,6.1,12.5,22.36,24.12
Mexico,2009,Developing,75.7,95,6.6,59.4,12.5,19.79,23.62
Mexico,2008,Developing,75.6,96,6.6,58.7,12.3,19.49,23.07
Mexico,2007,Developing,76,98,5.92,57.9,12.3,19.22,22.83
Mexico,2006,Developing,75.8,98,5.83,57.2,12.2,18.81,22.22
Mexico,2005,Developing,75.3,98,6.4,56.4,12.2,17.65,22.05
Micronesia (Federated States of),2009,Developing,68.5,91,13.44,65.8,11.4,1.94,6.12
Micronesia (Federated States of),2008,Developing,68.4,85,12.94,65.2,11.2,6.18,1.55
Micronesia (Federated States of),2005,Developing,67.9,94,12.11,63.6,10.7,5.84,1.89
Mongolia,2014,Developing,68.4,99,4.73,51.5,14.8,31.63,40.26
Mongolia,2013,Developing,68.1,98,4.21,5.4,14.7,30.92,38.05
Mongolia,2012,Developing,67.8,99,4.22,49.2,14.7,30.44,37.82
Mongolia,2011,Developing,67.3,99,4.45,48,14.6,28.67,36.61
Mongolia,2010,Developing,66.3,96,4.7,46.9,14.3,27.56,36.31
Mongolia,2009,Developing,66.9,95,5.29,45.9,13.8,26.7,36.22
Mongolia,2008,Developing,67.4,96,5.58,44.9,13.4,28.82,36.5
Montenegro,2014,Developing,75.9,91,6.42,61.3,15.1,21.86,54.46
Montenegro,2013,Developing,75.8,94,6.43,6.7,15.1,21.52,53.92
Montenegro,2012,Developing,75.6,94,7.25,6.2,15.1,20.39,49.37
Montenegro,2011,Developing,75.4,95,6.92,59.7,15.1,20.13,51.24
Montenegro,2010,Developing,75.3,94,6.9,59.1,15,20.44,52.83
Montenegro,2009,Developing,75,92,6.7,58.5,14.6,21.03,55.9
Montenegro,2008,Developing,74.6,95,6.13,57.8,14.2,21.12,55.51
Montenegro,2007,Developing,74.2,92,6.74,57.2,13.6,19.9,54.73
Montenegro,2006,Developing,73.8,9,8.1,56.5,13.2,19.92,53.78
Morocco,2014,Developing,74.1,99,5.91,57.5,12.1,9.14,9.44
Morocco,2013,Developing,73.9,99,5.94,56.5,12.1,6.32,9.73
Morocco,2009,Developing,72.3,99,5.67,52.7,10.5,6.48,9.3
Morocco,2004,Developing,72,97,5.22,48.2,9.6,5.31,8.08
Mozambique,2013,Developing,55.3,78,5.9,21.8,9.1,0.57,7.46
Mozambique,2012,Developing,54.8,76,5.58,21.3,9.2,0.55,4.06
Mozambique,2011,Developing,54.3,76,6.23,2.9,9.5,0.52,3.93
Mozambique,2010,Developing,54,74,5.38,2.5,9.3,0.49,4.04
Mozambique,2009,Developing,53.8,74,5.43,2.1,9.2,0.46,3.95
Mozambique,2006,Developing,51.2,78,6.51,18.9,7.9,0.26,3.38
Mozambique,2004,Developing,54,83,5.91,18.1,7,0.26,3.27
Myanmar,2012,Developing,65.9,84,2.22,21.3,9.1,5.8,9.51
Myanmar,2011,Developing,65.6,84,1.87,2.5,9.1,5.51,9.21
Myanmar,2010,Developing,65.4,9,1.92,19.8,8.8,5.22,8.93
Myanmar,2009,Developing,65.2,9,2.5,19.1,8.5,4.88,8.62
Myanmar,2008,Developing,59.2,85,1.87,18.3,8.2,4.75,8.3
Myanmar,2007,Developing,64.5,86,1.68,17.6,8.1,4.39,8.09
Myanmar,2006,Developing,64.2,82,1.78,17,8,4.16,7.87
Myanmar,2005,Developing,63.9,73,1.83,16.4,7.9,3.8,7.46
Namibia,2007,Developing,60,86,6.99,29.4,11.3,3.86,28.66
Namibia,2004,Developing,54.7,81,6.47,27.2,11.7,3.14,32.21
Nepal,2013,Developing,69.3,92,5.69,18,12.3,5.64,18.73
Nepal,2012,Developing,68.9,9,5.89,17.4,12.3,5.16,15.98
Nepal,2004,Developing,64.7,8,5.82,13.4,9.3,2.12,4.65
Netherlands,2014,Developed,81.7,96,1.9,61.6,18.1,33.47,105.3
Netherlands,2013,Developed,81.4,97,11.4,61,18.1,33.06,1.77
Netherlands,2012,Developed,81.1,97,11.1,6.5,18.1,32.46,1.72
Netherlands,2011,Developed,81.1,97,1.53,59.9,17.2,31.24,1.65
Netherlands,2010,Developed,88,97,1.48,59.3,17,29.52,1.61
Netherlands,2009,Developed,86,97,1.29,58.6,16.9,29.06,1.56
Netherlands,2008,Developed,83,97,9.57,57.9,16.8,28.49,84.92
Netherlands,2007,Developed,82,97,9.36,57.3,16.6,27.72,83.82
Netherlands,2006,Developed,79.8,96,9.36,56.5,16.5,27.79,82.97
Netherlands,2005,Developed,79.4,96,9.6,55.8,16.4,27,83.06
Netherlands,2004,Developed,79.2,98,8.52,55,16.5,26.47,82.58
New Zealand,2014,Developed,81.5,93,11.3,66.9,19.2,32.37,118.2
New Zealand,2013,Developed,81.3,92,11.17,66.4,19.3,32.3,122.5
New Zealand,2012,Developed,81.1,93,11.53,65.9,19.5,31.96,104.5
New Zealand,2011,Developed,86,95,11.24,65.3,19.7,31.73,106.2
New Zealand,2010,Developed,89,93,11.2,64.8,20.3,30.66,105.8
New Zealand,2009,Developed,85,92,11.21,64.3,19.3,30.48,102.6
New Zealand,2008,Developed,81,89,1.7,63.8,19.5,29.79,102.8
New Zealand,2007,Developed,81,88,8.35,63.2,19.2,29.1,97.73
New Zealand,2006,Developed,79.9,89,8.65,62.6,19.1,28.4,93.88
New Zealand,2005,Developed,79.9,89,8.25,62.1,18.9,27.94,97.07
Nicaragua,2014,Developing,74.5,98,9.4,53.2,11.6,8.95,13.55
Nicaragua,2013,Developing,73.9,98,8.43,52.4,11.5,8.98,13.6
Nicaragua,2012,Developing,73.9,98,8.4,51.7,11.5,8.61,13.7
Nicaragua,2011,Developing,74.5,98,6.39,5.9,11.5,8.14,13.66
Nicaragua,2010,Developing,73.2,98,6.58,5.2,11.4,7.28,12.65
Nicaragua,2009,Developing,73.2,98,6.82,49.4,11.3,7.03,13.03
Nicaragua,2008,Developing,72.5,97,6.98,48.6,11.1,6.49,12.92
Nicaragua,2007,Developing,72.5,93,6.91,47.9,11,5.27,11.82
Nicaragua,2006,Developing,73,88,6.33,47.1,11,4.92,11.58
Nicaragua,2005,Developing,71.2,86,6.11,46.4,11,5,11.57
Niger,2014,Developing,61.4,68,5.82,18.9,5.3,0.27,3.07
Niger,2013,Developing,69,67,5.9,18.5,5.3,0.51,2.23
Niger,2009,Developing,57.1,71,6.98,16.9,4.2,0.28,2.04
Niger,2008,Developing,56,67,6.76,16.5,4,0.19,1.39
Niger,2004,Developing,52.9,43,6.61,15,3.1,0.23,2.15
Nigeria,2013,Developing,53.2,46,3.7,24.1,9.8,3.83,10.26
Nigeria,2009,Developing,51.6,63,4.24,21.6,9.3,3.78,10.77
Nigeria,2008,Developing,59,53,4,21,9.2,3.76,14.97
Nigeria,2007,Developing,55,42,4.47,2.4,9.1,3.78,14.99
Nigeria,2006,Developing,49.8,4,3.66,19.9,9,3.48,15.03
Nigeria,2005,Developing,49.2,36,4.11,19.3,8.9,2.82,15.37
Norway,2014,Developed,81.6,93,9.72,6.8,17.7,26.83,174.3
Norway,2013,Developed,81.5,94,9.39,6.3,17.5,25.99,172.1
Norway,2012,Developed,81.3,95,9.16,59.8,17.6,25.53,170.9
Norway,2011,Developed,81.1,94,9.14,59.4,17.6,25.44,169.5
Norway,2010,Developed,81,93,9.26,58.9,17.4,24.95,166.7
Norway,2009,Developed,89,94,9.49,58.5,17.4,24.76,164.5
Norway,2008,Developed,86,94,8.4,58,17.6,24.08,145
Norway,2007,Developed,85,93,8.58,57.5,17.6,24.07,144
Norway,2006,Developed,84,94,8.43,57,17.5,23.6,143.7
Norway,2005,Developed,81,91,8.89,56.5,17.6,22.96,141
Norway,2004,Developed,79.8,92,9.44,55.9,17.5,22.12,137.1
Oman,2014,Developing,76.4,99,3.55,53.5,13.7,21.48,46.67
Oman,2013,Developing,76.2,98,2.76,52.8,13.7,20.38,44.97
Oman,2012,Developing,76,98,2.52,52.3,13.7,20.17,44.67
Oman,2011,Developing,75.8,99,2.49,52,13.6,19.46,43.79
Oman,2010,Developing,75.6,99,2.74,51.8,13.5,19.27,42.3
Oman,2009,Developing,75.4,98,2.83,51.5,12.4,19.34,42.08
Oman,2008,Developing,75.2,99,2.1,51.1,11.9,18.88,40.83
Oman,2007,Developing,74.9,99,2.43,5.6,11.5,18.47,39.12
Oman,2006,Developing,74.7,98,2.31,5.1,11.6,17.74,37.26
Oman,2005,Developing,74.3,99,2.59,49.5,11.5,16.65,36.94
Oman,2004,Developing,74,99,2.98,48.9,11.5,15.83,35.76
Pakistan,2014,Developing,66.2,72,2.61,24.7,7.8,8.97,4.62
Pakistan,2013,Developing,66,72,2.7,23.9,7.7,8.77,5.28
Pakistan,2012,Developing,65.7,72,2.76,23.2,7.6,8.59,4.39
Pakistan,2011,Developing,65.5,74,3.1,22.5,7.5,8.31,4.24
Pakistan,2010,Developing,65.1,82,3.2,21.9,7.5,8.08,5.6
Pakistan,2009,Developing,64.8,71,2.94,21.3,7.3,7.95,5.44
Pakistan,2008,Developing,64.6,62,3.26,2.6,7.3,7.81,5.3
Pakistan,2004,Developing,63.7,65,2.56,18.4,5.6,7.42,4.58
Panama,2013,Developing,77.5,8,8.9,56.3,12.9,15.82,29.31
Panama,2011,Developing,77.3,87,7.5,54.9,12.9,14.98,23.15
Panama,2010,Developing,76.5,94,8.5,54.2,12.8,14.06,24.77
Panama,2006,Developing,76.2,88,7,51.1,12.9,13.49,20.03
Panama,2005,Developing,75.8,92,7.48,5.3,12.9,13.48,20.04
Panama,2004,Developing,75.8,95,8.9,49.5,12.8,13.22,19.91
Papua New Guinea,2010,Developing,61.8,67,4.18,44.9,9.6,0.51,4.98
Papua New Guinea,2008,Developing,61.4,63,4.6,43.4,8.9,0.48,4.08
Paraguay,2012,Developing,73.6,87,1.33,47.9,12.3,12.77,10.42
Peru,2012,Developing,74.9,95,5.18,53.6,13.4,11.41,15.26
Peru,2009,Developing,73.8,93,5.36,51.5,13.3,9.47,13.08
Peru,2007,Developing,74,93,4.6,5.2,13.2,16.65,35.87
Philippines,2009,Developing,68,87,4.41,22.1,11.7,12.63,56.47
Philippines,2008,Developing,67.5,91,4.5,21.6,11.5,12.56,51.22
Philippines,2007,Developing,67.5,87,3.94,21.1,11.4,12.44,46.54
Philippines,2006,Developing,67.3,88,3.95,2.6,11.5,12.36,44.05
Philippines,2005,Developing,67,89,3.91,2.1,11.6,12.29,42.75
Philippines,2004,Developing,67.3,88,3.23,19.6,11.6,11.08,42.39
Poland,2014,Developed,77.3,98,6.35,61.1,16.4,23.02,58.17
Poland,2013,Developed,77.1,99,6.4,6.4,15.4,22.34,58.55
Poland,2011,Developed,76.7,99,6.7,59.1,15.4,22,58.39
Poland,2010,Developed,76.3,99,6.88,58.4,15.1,21.71,58.28
Poland,2009,Developed,75.7,99,7.12,57.8,15.1,21.59,58.06
Poland,2008,Developed,75.5,99,6.88,57.2,15,21.48,57.4
Poland,2007,Developed,75.3,99,6.28,56.6,15,21.78,57.18
Poland,2006,Developed,75.2,99,6.17,56,15,21.67,56.13
Poland,2005,Developed,75,99,6.2,55.5,14.8,21.27,56.09
Poland,2004,Developed,74.9,99,6.19,55,15.5,22.77,54.76
Portugal,2014,Developed,89,98,9.5,6.9,16.8,45.57,63.68
Portugal,2013,Developed,86,98,9.55,6.2,16.3,43.93,62.84
Portugal,2012,Developed,83,98,9.74,59.5,16.3,42.36,62.13
Portugal,2011,Developed,82,97,1.7,58.8,16.2,41.18,61
Portugal,2010,Developed,79.6,98,1.44,58.1,16,39.76,58.92
Portugal,2009,Developed,79.3,96,1.42,57.3,16,38.48,56.21
Portugal,2008,Developed,79,97,9.9,56.5,15.8,37.41,53.52
Portugal,2007,Developed,78.7,97,9.62,55.7,15.4,36.48,51.15
Portugal,2006,Developed,78.5,97,9.67,54.9,15.4,35.65,48.33
Portugal,2005,Developed,77.7,93,9.98,54.1,15.4,35,45.83
Portugal,2004,Developed,78,95,9.84,53.3,15.9,34.21,43.73
Qatar,2014,Developing,78.1,89,2.19,68.4,13.4,17.35,56
Qatar,2010,Developing,77.3,97,2.9,66,12,37.27,57.18
Qatar,2009,Developing,77,99,2.63,65.6,11.8,30.98,45.89
Qatar,2008,Developing,76.8,97,1.87,65.2,11.7,32.09,58.66
Qatar,2006,Developing,76.6,96,2.58,65,13.7,22.62,60.48
Qatar,2005,Developing,76.6,97,3.1,65.1,13.7,24.84,56.39
Romania,2013,Developed,74.6,92,5.6,59.2,14.7,26.24,61.35
Romania,2012,Developed,74.4,91,5.48,58.4,15.3,25.89,59.37
Romania,2011,Developed,74.3,89,5.53,57.7,15.7,25.15,58.09
Romania,2010,Developed,73.4,94,5.83,56.9,15.8,24.8,57.11
Romania,2009,Developed,73.1,95,5.56,56.3,15.4,24.41,61.27
Romania,2008,Developed,73.1,96,5.33,55.6,14.7,24.13,59.53
Romania,2007,Developed,72.9,96,5.21,55,14.1,22.92,60.28
Romania,2006,Developed,72.5,97,5.6,54.4,13.7,22.1,59.6
Romania,2005,Developed,71.9,97,5.47,53.9,13.4,22.13,57.61
Romania,2004,Developed,71.7,97,5.43,53.4,12.9,22.31,56.24
Russian Federation,2014,Developing,73,97,7.7,59.9,14.9,40.11,45.33
Russian Federation,2013,Developing,70,97,7.9,59.3,14.6,40.71,42.55
Russian Federation,2012,Developing,69.6,97,6.88,58.7,14.3,41.3,41.44
Russian Federation,2010,Developing,68.4,97,6.83,57.5,13.7,23.93,76.71
Russian Federation,2009,Developing,68.2,98,7.44,57,14,23.92,77.28
Russian Federation,2008,Developing,67.5,98,6.22,56.6,13.9,23.81,76.95
Russian Federation,2007,Developing,67.3,98,5.38,56.1,13.8,23.84,78.49
Russian Federation,2006,Developing,66.4,98,5.3,55.7,13.8,23.72,78.56
Russian Federation,2005,Developing,65,98,5.21,55.3,13.7,23.2,77.33
Russian Federation,2004,Developing,64.9,97,5.19,55,13.6,23.1,4.6
Rwanda,2014,Developing,65.7,98,7.53,2.8,10.8,0.91,9.31
Rwanda,2013,Developing,65.2,98,7.69,2.1,10.8,1.02,0.58
Rwanda,2011,Developing,63.8,97,7.71,18.9,10.2,0.13,6.58
Saint Lucia,2014,Developing,75,99,6.72,46.7,13.1,26.81,15.7
Saint Lucia,2005,Developing,73.1,95,6.25,39.6,12.2,5.08,19.95
Saint Lucia,2004,Developing,72.6,91,6.2,39,12.3,4.2,23.18
Saint Vincent and the Grenadines,2010,Developing,72.5,99,4.71,49.3,13.3,6.65,26.04
Saint Vincent and the Grenadines,2004,Developing,71.2,99,3.72,43.8,13.2,9.31,46.45
Samoa,2012,Developing,73.2,64,5.2,73.4,12.9,3.81,17.87
Samoa,2010,Developing,72.6,62,5.7,72.5,12.9,3.44,15.39
Samoa,2008,Developing,72.5,26,4.52,71.4,12.9,4.64,18.99
Sao Tome and Principe,2004,Developing,63.8,96,9.94,22.8,9.8,5.27,20.04
Saudi Arabia,2014,Developing,74.4,98,4.68,67.3,15.8,25.65,52.01
Saudi Arabia,2012,Developing,74.1,98,3.86,65.6,14.5,24.53,47.92
Saudi Arabia,2011,Developing,73.9,98,3.57,64.7,13.9,24.61,47.63
Saudi Arabia,2010,Developing,73.7,98,3.49,63.9,13.3,24.07,47.33
Saudi Arabia,2009,Developing,73.4,98,4.9,63.1,13,20.76,41.63
Saudi Arabia,2008,Developing,73.3,98,2.87,62.4,12.8,20.63,39.13
Senegal,2013,Developing,66,92,4.51,23.2,8.7,3.18,17.05
Senegal,2008,Developing,62.8,88,4.94,2.8,7.1,0.62,4.38
Senegal,2004,Developing,59.7,87,5.68,19.1,6.2,0.55,3.04
Serbia,2014,Developing,75.4,93,1.37,59.4,14.3,24.61,73.02
Serbia,2013,Developing,75.3,95,1.12,58.9,14.1,24.95,71.63
Serbia,2012,Developing,74.9,91,9.89,58.3,14,24.96,70.46
Serbia,2011,Developing,74.6,94,9.72,57.7,13.5,25,74.01
Serbia,2010,Developing,74.4,91,1.9,57,13.6,24.82,8.81
Serbia,2009,Developing,74.1,95,9.9,56.4,13.6,24.47,8.72
Serbia,2008,Developing,74,95,1.5,55.8,13.5,24.22,8.79
Serbia,2007,Developing,73.8,94,1.2,55.1,13.5,23.45,8.64
Serbia,2006,Developing,73.6,92,8.99,54.5,13.4,22.86,8.44
Serbia,2005,Developing,73,98,8.7,53.9,13.2,22.61,8.63
Serbia,2004,Developing,73,88,8.24,53.3,13.1,22.69,9.89
Seychelles,2012,Developing,72.7,98,4.8,34.8,13.5,10.04,45.25
Seychelles,2010,Developing,72.4,99,3.59,33.5,13.2,10.95,45.13
Seychelles,2008,Developing,72.2,99,2.64,31.8,13.2,7.74,44.97
Seychelles,2007,Developing,72.2,99,3.3,31.2,13.1,10.1,45.62
Seychelles,2006,Developing,72.2,99,3.73,3.7,13.1,8.38,46.26
Seychelles,2005,Developing,72.2,99,3.91,3.1,12.1,11.73,43.97
Seychelles,2004,Developing,72.1,99,4.17,29.2,12.3,13.84,72.54
Sierra Leone,2011,Developing,48.9,89,11.98,22.2,8.9,0.25,2.79
Sierra Leone,2010,Developing,48.1,86,1.32,21.7,8.7,0.21,2.87
Sierra Leone,2008,Developing,46.2,77,1.29,2.7,8.3,0.16,1.62
Sierra Leone,2004,Developing,42.3,65,11.66,18.8,7.6,0.31,4.62
Singapore,2014,Developed,82.9,96,4.92,32.9,15.4,20.13,57.45
Singapore,2013,Developed,82.7,97,4.53,32.7,15.4,18.96,55.73
Singapore,2012,Developed,82.5,97,4.22,32.4,15.4,17.96,54.78
Singapore,2011,Developed,82.2,96,3.93,32.1,15.2,17.23,51.22
Singapore,2010,Developed,82,96,3.96,31.8,14.5,17.19,57.18
Singapore,2009,Developed,81.7,97,4.27,31.5,14.4,16.76,53.94
Singapore,2008,Developed,81.4,97,3.91,31.2,14.2,16.42,50.69
Singapore,2007,Developed,81.1,97,3.46,3.9,14.1,16.13,48.78
Singapore,2006,Developed,87,95,3.66,3.5,13.9,15.74,47.54
Singapore,2005,Developed,82,96,3.74,3.2,12.6,15.82,47.28
Singapore,2004,Developed,79.7,95,3.17,29.9,12.7,15.54,46.27
Slovakia,2014,Developed,76.4,97,8.5,58.4,15.1,34.21,60.72
Slovakia,2013,Developed,76.1,98,8,57.8,15,33.86,60.69
Slovakia,2012,Developed,75.8,99,8.15,57.2,15,33.6,61.39
Slovakia,2011,Developed,75.6,99,7.96,56.5,15,33,62.64
Slovakia,2010,Developed,75.1,99,8.51,55.9,15,33.51,64.06
Slovakia,2009,Developed,75,99,9.15,55.3,14.9,32.95,63.83
Slovakia,2008,Developed,74.7,99,8.2,54.8,14.8,33.56,65.82
Slovakia,2007,Developed,74.4,99,7.76,54.2,14.5,33.75,66.13
Slovakia,2006,Developed,74.3,99,7.35,53.7,14.3,31.56,63.2
Slovakia,2005,Developed,74,99,7.4,53.1,14,30.22,63.05
Slovakia,2004,Developed,74.1,99,7.21,52.6,13.8,33.06,66.2
Slovenia,2014,Developed,87,95,9.23,59.5,17.6,27.63,86.05
Slovenia,2013,Developed,85,95,9.29,58.9,16.8,26.25,83.65
Slovenia,2012,Developed,82,96,9.37,58.2,16.8,25.41,82.18
Slovenia,2011,Developed,79.8,96,9.8,57.6,17,24.97,83.92
Slovenia,2010,Developed,79.5,96,9.7,57,16.9,24.37,82.57
Slovenia,2009,Developed,79.1,96,9.38,56.4,16.9,24.17,80.93
Slovenia,2008,Developed,78.9,97,8.47,55.8,16.9,23.99,79.14
Slovenia,2007,Developed,78.3,97,7.98,55.2,16.8,23.93,77.83
Slovenia,2006,Developed,78.1,97,8.42,54.7,16.7,23.67,76.51
Slovenia,2005,Developed,77.5,95,8.5,54.1,16.3,23.52,75.27
Slovenia,2004,Developed,77.2,94,8.47,53.5,16.6,23.06,74.47
Solomon Islands,2013,Developing,68.8,94,5.42,48.9,9.5,1.87,19.94
Solomon Islands,2012,Developing,68.7,99,5.48,48.1,9.4,1.55,17.37
Solomon Islands,2011,Developing,68.5,99,5.8,47.2,9.4,2.01,17.86
Solomon Islands,2005,Developing,67.4,89,7.83,42.1,8.3,1.89,14.77
South Africa,2014,Developing,62,77,8.8,5.3,13,7.54,12.26
South Africa,2013,Developing,69,73,8.78,49.5,12.8,7.42,11.88
South Africa,2011,Developing,58.9,69,8.61,47.9,12.8,7.18,10.66
South Africa,2010,Developing,58,72,8.5,47.2,12.8,7.34,10.23
South Africa,2009,Developing,56.5,76,8.39,46.4,12.8,7.07,9.53
South Africa,2008,Developing,55.3,79,7.75,45.7,12.9,6.97,8.78
South Africa,2007,Developing,54.5,82,7.53,45,12.9,6.99,8.26
South Africa,2004,Developing,53.7,74,7.93,42.9,12.9,7.37,39.01
Spain,2014,Developed,82.6,97,9.3,66,17.6,31.66,51.16
Spain,2013,Developed,82.4,96,9.1,65.4,17.5,31.43,51.09
Spain,2012,Developed,82,97,9.39,64.8,17.2,31.4,52.12
Spain,2011,Developed,82.1,97,9.48,64.1,16.9,30.47,51.82
Spain,2010,Developed,81.9,97,9.56,63.5,16.4,30.29,51.11
Spain,2009,Developed,81.6,96,9.52,62.9,16.3,30.4,49.31
Spain,2008,Developed,81.3,97,8.8,62.3,16.1,29.85,48.1
Spain,2007,Developed,89,96,8.36,61.7,16,28.75,45.84
Spain,2006,Developed,88,98,8.23,61.1,15.9,28.21,44.24
Spain,2005,Developed,81,96,8.12,6.5,15.8,27.61,43.25
Spain,2004,Developed,81,97,8.5,59.9,15.6,34.14,42.63
Sri Lanka,2014,Developing,74.7,99,3.5,22.7,14,8.36,19.13
Sri Lanka,2013,Developing,74.6,99,3.68,21.9,13.8,7.98,18.4
Sri Lanka,2012,Developing,74.5,99,3.21,21.2,13.7,7.65,18.33
Sri Lanka,2011,Developing,74.5,99,3.28,2.5,13.6,7.39,18.23
Sri Lanka,2010,Developing,74.5,99,3.43,19.8,13.5,7.24,17.46
Sri Lanka,2009,Developing,71.8,97,3.37,19.2,13.4,6.83,15.55
Sri Lanka,2008,Developing,72.3,98,3.44,18.5,13.3,6.24,15.04
Sri Lanka,2007,Developing,73.7,98,3.76,17.9,13.2,5.56,20.5
Sri Lanka,2006,Developing,73.8,98,4.6,17.2,13.1,5.22,16.72
Sri Lanka,2005,Developing,74.2,99,4.6,16.6,12.9,5.22,14.08
Sri Lanka,2004,Developing,69.1,97,4.28,16.1,12.8,5.41,17.14
Suriname,2009,Developing,70,87,6.14,54.1,12.1,7.05,30.63
Suriname,2004,Developing,68.3,85,6.88,5.4,11.1,8.1,52.26
Sweden,2014,Developed,82.3,98,11.93,59,15.8,42.04,118.1
Sweden,2013,Developed,81.9,98,11.97,58.5,15.8,41.26,118.1
Sweden,2012,Developed,81.7,98,11.8,58.1,15.8,40.37,117.9
Sweden,2011,Developed,81.7,98,11.7,57.7,16,39.57,117.6
Sweden,2010,Developed,81.5,98,9.47,57.3,15.8,38.78,117.5
Sweden,2009,Developed,81.4,98,9.94,56.9,15.8,38.07,116.7
Sweden,2008,Developed,81.1,98,9.23,56.5,15.7,37.35,116.6
Sweden,2007,Developed,89,98,8.92,56.1,15.8,36.76,116.3
Sweden,2006,Developed,88,98,8.95,55.7,15.9,35.96,115.2
Sweden,2005,Developed,85,98,9.6,55.3,16,35.11,113.8
Sweden,2004,Developed,83,99,9.9,54.9,16,34.38,112
Switzerland,2014,Developed,83.2,96,11.66,57,15.9,41.17,164.2
Switzerland,2013,Developed,83,96,11.71,56.6,15.8,40.3,161.8
Switzerland,2012,Developed,82.7,96,11.59,56.2,15.7,39.1,158.6
Switzerland,2011,Developed,82.6,96,11.21,55.8,15.6,38.36,154.7
Switzerland,2010,Developed,82.3,95,11.7,55.4,15.4,38.17,149.6
Switzerland,2009,Developed,82.1,95,11,55,15.3,38.48,142.1
Switzerland,2008,Developed,82,95,1.29,54.6,15.3,38.3,139.2
Switzerland,2007,Developed,81.7,94,1.21,54.1,15.3,38.52,136.2
Switzerland,2006,Developed,81.5,94,1.39,53.7,15.2,38.59,133.8
Switzerland,2005,Developed,81.1,94,1.86,53.2,15.2,38.21,130
Switzerland,2004,Developed,81,93,1.96,52.8,15.1,37.88,128.4
Syrian Arab Republic,2014,Developing,64.4,43,3.25,56.2,9,15.51,23.09
Syrian Arab Republic,2010,Developing,73.7,8,3.28,52.3,11.7,14.6,18.75
Syrian Arab Republic,2009,Developing,73.8,8,3.55,51.3,11.8,14.11,18.43
Syrian Arab Republic,2008,Developing,73.8,79,3.4,5.4,11.6,14.86,18.42
Syrian Arab Republic,2007,Developing,73.8,8,3.72,49.4,11.5,14.88,18.9
Syrian Arab Republic,2005,Developing,73.5,8,4.11,47.6,11,15.38,18.85
Syrian Arab Republic,2004,Developing,73.2,81,4.48,46.8,10.6,14.52,19.13
Tajikistan,2014,Developing,69.6,97,6.88,39.9,11.3,21.03,47.53
Tajikistan,2013,Developing,69.3,96,6.75,39,11.2,28.69,50.15
Tajikistan,2012,Developing,68.8,94,6.39,38.2,11.1,28.77,43.96
Tajikistan,2011,Developing,68.1,96,5.98,37.4,11.1,17.21,40.57
Tajikistan,2010,Developing,67.3,93,6.4,36.6,11.1,16.98,39.51
Tajikistan,2009,Developing,66.7,93,5.93,35.9,11.1,16.44,35.97
Tajikistan,2008,Developing,66.4,86,5.58,35.3,10.8,19.29,35.57
Tajikistan,2007,Developing,66.1,86,5.35,34.7,10.9,18.96,35.22
Tajikistan,2006,Developing,65.9,83,5.7,34.1,10.7,19.17,35.07
Tajikistan,2005,Developing,65.5,84,5.89,33.5,10.6,19.55,34.64
Tajikistan,2004,Developing,65.9,86,5.7,33,10.5,19.51,35.27
Thailand,2010,Developing,73.9,99,3.81,27.9,13.1,3.91,20.64
Thailand,2009,Developing,73.7,99,4.11,26.8,13,3.39,16.42
Thailand,2008,Developing,73.5,99,3.92,25.7,12.9,3.16,15.84
Thailand,2007,Developing,73.3,98,3.56,24.6,12.3,2.96,15.28
Thailand,2006,Developing,73,98,3.49,23.6,12.4,2.88,15.45
Thailand,2004,Developing,71.6,98,3.51,21.7,11.9,2.91,14.88
Timor-Leste,2014,Developing,68,77,1.48,17,12.5,6.82,14.03
Timor-Leste,2013,Developing,67.7,82,1.29,16.6,12.5,6.17,9.92
Togo,2010,Developing,57.4,83,5.37,21.4,11,2.55,14.62
Togo,2008,Developing,56.2,81,5.73,2.4,10.1,0.57,2.99
Togo,2007,Developing,55.9,82,5.55,19.8,10.6,0.49,4.18
Togo,2004,Developing,54.9,71,5.6,18.4,10,0.45,3.54
Tonga,2013,Developing,73.2,82,4.98,74.3,14.3,5.4,40.08
Tonga,2010,Developing,72.8,82,4.59,72.7,14.4,5.58,38.46
Tonga,2009,Developing,72.5,84,4.67,72.1,14.5,5.97,36.38
Tonga,2008,Developing,72.6,86,5.13,71.5,14.5,5.51,35.2
Trinidad and Tobago,2011,Developing,76,9,5.6,43,12.6,18.19,32.77
Trinidad and Tobago,2010,Developing,74,9,5.29,42,12.5,18.09,29.4
Trinidad and Tobago,2009,Developing,71,9,6.47,41.1,12.5,15.08,34.72
Trinidad and Tobago,2007,Developing,69.7,88,4.82,39.3,12.4,11.79,35.74
Trinidad and Tobago,2006,Developing,69.6,92,4.49,38.4,12.3,12.22,35.54
Tunisia,2014,Developing,75.1,98,7,6.2,14.7,12.77,26.51
Tunisia,2010,Developing,74.8,98,6.54,56.5,14.4,12.22,22.41
Tunisia,2008,Developing,74.7,99,5.63,54.7,14.3,11.07,21.76
Tunisia,2004,Developing,74,97,5.63,51.4,13.6,13.3,28.47
Turkey,2014,Developing,75.5,96,5.41,65.3,14.5,17.56,25.28
Turkey,2013,Developing,75.2,98,5.38,64.5,14.4,17.62,25.42
Turkey,2012,Developing,74.8,97,5.24,63.7,14.3,17.38,25.23
Turkey,2011,Developing,74.5,97,5.29,62.8,13.8,17.16,24.09
Turkey,2010,Developing,74.2,97,5.61,61.9,13,17.07,22.83
Turkey,2009,Developing,73.9,96,6.8,61.1,12.5,16.64,21.67
Turkey,2008,Developing,73.5,96,6.7,6.2,12.5,16.07,20.96
Turkey,2007,Developing,73.2,96,6.4,59.3,12.3,15.58,20.38
Turkey,2006,Developing,72.8,9,5.81,58.5,11.9,15.2,18.49
Turkey,2005,Developing,72.4,9,5.45,57.6,11.9,14.85,17.93
Turkey,2004,Developing,72,85,5.37,56.8,12,14.49,17.76
Turkmenistan,2014,Developing,66,98,2.7,47.7,10.8,22.25,44.27
Turkmenistan,2013,Developing,65.4,98,2.12,46.7,10.7,22.13,44.45
Turkmenistan,2012,Developing,65.6,97,1.96,45.9,10.7,22.38,44.96
Turkmenistan,2011,Developing,65.6,97,1.98,45,10.6,22.84,45.14
Turkmenistan,2010,Developing,65.8,96,1.99,44.2,10.6,22.74,45.14
Turkmenistan,2009,Developing,65.6,96,1.88,43.4,10.5,22.91,45.03
Turkmenistan,2008,Developing,64.5,96,1.93,42.7,10.5,23.03,45.41
Turkmenistan,2007,Developing,64.1,98,2.16,42,10.4,23.41,46.03
Turkmenistan,2006,Developing,63.7,98,2.9,41.3,10.4,23.92,47.87
Turkmenistan,2005,Developing,63.3,99,3.51,4.7,10.3,25.04,49.47
Turkmenistan,2004,Developing,63.5,97,4.3,4,10.3,26.13,52.33
Uganda,2012,Developing,60,78,7.58,17.2,10,0.98,11.81
Uganda,2005,Developing,53.2,64,9.36,14.5,10.9,1.21,13.59
Uganda,2004,Developing,51.3,62,8.9,14.2,11.6,0.82,7.07
Ukraine,2014,Developing,78,23,7.1,6.7,15.2,29.92,66.61
Ukraine,2013,Developing,71,76,7.67,6.1,15.2,34.97,75.7
Ukraine,2012,Developing,77,76,7.47,59.6,15.1,34.91,75.13
Ukraine,2011,Developing,75,5,6.98,59,14.9,34.84,74.71
Ukraine,2010,Developing,69.8,52,7.81,58.5,14.9,34.83,74.72
Ukraine,2009,Developing,69.2,71,7.8,58,14.9,34.9,75.44
Ukraine,2008,Developing,67.7,9,6.63,57.6,14.9,31.18,66.08
Ukraine,2007,Developing,67.5,98,6.36,57.2,14.8,30.89,66.47
Ukraine,2006,Developing,67.7,98,6.39,56.8,14.7,30.84,66.5
Ukraine,2005,Developing,67,96,6.41,56.4,14.5,30.18,66.41
Ukraine,2004,Developing,67.4,99,6.61,56.1,14.6,30.16,66.01
United Arab Emirates,2014,Developing,76.9,99,3.64,62.4,13.3,19.95,39.59
United Arab Emirates,2013,Developing,76.7,98,3.49,6.5,13.3,17.41,33.4
United Arab Emirates,2012,Developing,76.5,96,3.45,58.6,13.3,14.77,30.1
United Arab Emirates,2011,Developing,76.3,95,3.7,57.1,13.3,14.37,28.56
United Arab Emirates,2010,Developing,76.2,94,3.93,55.8,13.3,14.2,26.53
United Arab Emirates,2009,Developing,76,93,4.5,55.1,13.2,15.18,29.24
United Arab Emirates,2008,Developing,75.8,92,2.93,54.8,13.1,16.41,28.18
United Arab Emirates,2007,Developing,75.6,92,2.57,55.1,12.9,14.05,29.8
United Arab Emirates,2006,Developing,75.4,92,2.33,55.8,12.8,13.3,28
United Arab Emirates,2005,Developing,75.3,94,2.32,56.6,12.6,15.19,30
United Arab Emirates,2004,Developing,75.1,94,2.46,57,12.4,19.18,33.52
Uruguay,2008,Developing,76.4,94,8.17,6.1,15.7,39.51,58.66
Uzbekistan,2014,Developing,69.2,99,5.84,43.9,12.1,23.74,112.8
Uzbekistan,2013,Developing,69.1,99,6.32,43,12,24.04,115.6
Uzbekistan,2012,Developing,68.8,99,6.49,42.2,12,24.45,114
Uzbekistan,2011,Developing,68.5,99,5.65,41.4,12,25.04,114.2
Uzbekistan,2010,Developing,68.3,99,5.34,4.7,11.9,25.43,113.8
Uzbekistan,2009,Developing,68,98,6.31,4,11.8,25.71,111.7
Uzbekistan,2008,Developing,67.9,98,5.92,39.3,11.9,26.05,111.3
Uzbekistan,2007,Developing,67.8,96,5.81,38.7,11.8,26.33,108.7
Uzbekistan,2006,Developing,67.6,96,5.49,38.1,11.8,26.52,107.9
Uzbekistan,2005,Developing,67.3,99,5.11,37.5,11.7,26.7,109.8
Uzbekistan,2004,Developing,67.8,99,5.11,37,11.6,27.21,106.9
Vanuatu,2012,Developing,71.4,64,3.7,5.8,10.8,1.84,18.4
Vanuatu,2008,Developing,75,67,3.66,47.4,10.7,1.16,16.91
Vanuatu,2007,Developing,73,67,3.67,46.6,10.7,1.19,15.67
Vanuatu,2004,Developing,69.6,69,4.12,44.1,10.7,1.47,17.64
Viet Nam,2014,Developing,75.9,95,7.7,16.7,12.5,7.83,14.3
Viet Nam,2012,Developing,75.6,97,6.96,15.3,12.2,8.21,14.52
Viet Nam,2010,Developing,75.2,93,6.36,14,11.9,7.1,12.33
Viet Nam,2009,Developing,75,96,6.4,13.4,11.7,6.98,11.08
Viet Nam,2008,Developing,74.9,93,5.53,12.9,11.6,6.65,10.21
Viet Nam,2007,Developing,74.7,92,6.9,12.3,11.4,6.42,9.5
Viet Nam,2006,Developing,74.6,94,5.56,11.8,11.3,6.24,8.8
Viet Nam,2005,Developing,74.4,95,5.38,11.3,11.1,6.14,8.31
Yemen,2014,Developing,65.4,73,5.64,4.4,9,5.25,8.79
Yemen,2004,Developing,62.2,72,4.9,33.3,8.4,3.45,7.04
Zambia,2010,Developing,58,83,4.41,2.7,11.8,0.61,7.3
Zambia,2009,Developing,57.4,94,4.73,2.2,11.6,0.61,7.19
Zambia,2008,Developing,55.7,87,4.87,19.7,11.4,0.62,7.08
Zambia,2006,Developing,58,81,6.11,18.8,10.9,0.53,6.88
Zambia,2005,Developing,49.3,82,7.56,18.4,10.7,0.55,7.06
Zimbabwe,2014,Developing,59.2,91,6.44,31.3,10.3,1.24,15.37
Zimbabwe,2013,Developing,58,95,6.88,3.8,10.4,0.83,14.02
Zimbabwe,2012,Developing,56.6,95,6.69,3.3,9.8,0.81,11.85
Zimbabwe,2011,Developing,54.9,93,6.31,29.9,10.1,0.82,13.2
Zimbabwe,2010,Developing,52.4,89,5.37,29.4,10,1.27,8.29
Zimbabwe,2009,Developing,50,73,6.26,29,9.9,1.21,9.49
